insert into student (id_student, name, credits, faculty) values (1, 'Kimmy', 0, 'Science');
insert into student (id_student, name, credits, faculty) values (2, 'Prent', 0, 'Education');
insert into student (id_student, name, credits, faculty) values (3, 'Marika', 0, 'Engineering');
insert into student (id_student, name, credits, faculty) values (4, 'Glenn', 0, 'Social Sciences');
insert into student (id_student, name, credits, faculty) values (5, 'Elvis', 0, 'Social Sciences');
insert into student (id_student, name, credits, faculty) values (6, 'Baron', 0, 'Science');
insert into student (id_student, name, credits, faculty) values (7, 'Lind', 0, 'Law');
insert into student (id_student, name, credits, faculty) values (8, 'Dael', 0, 'Law');
insert into student (id_student, name, credits, faculty) values (9, 'Maritsa', 0, 'Business');
insert into student (id_student, name, credits, faculty) values (10, 'Eada', 0, 'Business');
insert into student (id_student, name, credits, faculty) values (11, 'Kermy', 0, 'Medicine');
insert into student (id_student, name, credits, faculty) values (12, 'Terrel', 0, 'Business');
insert into student (id_student, name, credits, faculty) values (13, 'Carina', 0, 'Engineering');
insert into student (id_student, name, credits, faculty) values (14, 'Joyous', 0, 'Engineering');
insert into student (id_student, name, credits, faculty) values (15, 'Genny', 0, 'Medicine');
insert into student (id_student, name, credits, faculty) values (16, 'Georges', 0, 'Engineering');
insert into student (id_student, name, credits, faculty) values (17, 'Lanni', 0, 'Medicine');
insert into student (id_student, name, credits, faculty) values (18, 'Scotti', 0, 'Medicine');
insert into student (id_student, name, credits, faculty) values (19, 'Imojean', 0, 'Science');
insert into student (id_student, name, credits, faculty) values (20, 'Augustina', 0, 'Business');
insert into student (id_student, name, credits, faculty) values (21, 'Dominique', 0, 'Social Sciences');
insert into student (id_student, name, credits, faculty) values (22, 'Bonny', 0, 'Social Sciences');
insert into student (id_student, name, credits, faculty) values (23, 'Jeno', 0, 'Arts');
insert into student (id_student, name, credits, faculty) values (24, 'Dru', 0, 'Medicine');
insert into student (id_student, name, credits, faculty) values (25, 'Allys', 0, 'Medicine');
insert into student (id_student, name, credits, faculty) values (26, 'Raynell', 0, 'Engineering');
insert into student (id_student, name, credits, faculty) values (27, 'Darb', 0, 'Science');
insert into student (id_student, name, credits, faculty) values (28, 'Tobye', 0, 'Social Sciences');
insert into student (id_student, name, credits, faculty) values (29, 'Arliene', 0, 'Medicine');
insert into student (id_student, name, credits, faculty) values (30, 'Nehemiah', 0, 'Business');
insert into student (id_student, name, credits, faculty) values (31, 'Robert', 0, 'Business');
insert into student (id_student, name, credits, faculty) values (32, 'Hall', 0, 'Science');
insert into student (id_student, name, credits, faculty) values (33, 'Olin', 0, 'Social Sciences');
insert into student (id_student, name, credits, faculty) values (34, 'Bevin', 0, 'Social Sciences');
insert into student (id_student, name, credits, faculty) values (35, 'Nickolai', 0, 'Education');
insert into student (id_student, name, credits, faculty) values (36, 'Derrik', 0, 'Law');
insert into student (id_student, name, credits, faculty) values (37, 'Marie', 0, 'Medicine');
insert into student (id_student, name, credits, faculty) values (38, 'Babbette', 0, 'Business');
insert into student (id_student, name, credits, faculty) values (39, 'Melony', 0, 'Medicine');
insert into student (id_student, name, credits, faculty) values (40, 'Bernie', 0, 'Medicine');
insert into student (id_student, name, credits, faculty) values (41, 'Yvonne', 0, 'Science');
insert into student (id_student, name, credits, faculty) values (42, 'Ortensia', 0, 'Medicine');
insert into student (id_student, name, credits, faculty) values (43, 'Livy', 0, 'Science');
insert into student (id_student, name, credits, faculty) values (44, 'Julissa', 0, 'Engineering');
insert into student (id_student, name, credits, faculty) values (45, 'Dalila', 0, 'Social Sciences');
insert into student (id_student, name, credits, faculty) values (46, 'Rosabel', 0, 'Engineering');
insert into student (id_student, name, credits, faculty) values (47, 'Barth', 0, 'Education');
insert into student (id_student, name, credits, faculty) values (48, 'Dasya', 0, 'Business');
insert into student (id_student, name, credits, faculty) values (49, 'Aristotle', 0, 'Science');
insert into student (id_student, name, credits, faculty) values (50, 'Arthur', 0, 'Engineering');

insert into teacher (id_teacher, name, experience_years, title) values (1, 'Elbertine', 7, 'Bachelor of Business Administration');
insert into teacher (id_teacher, name, experience_years, title) values (2, 'Zachary', 5, 'Bachelor of Architecture');
insert into teacher (id_teacher, name, experience_years, title) values (3, 'Zelda', 8, 'Bachelor of Engineering');
insert into teacher (id_teacher, name, experience_years, title) values (4, 'Fredrick', 0, 'Bachelor of Arts');
insert into teacher (id_teacher, name, experience_years, title) values (5, 'Berta', 6, 'Bachelor of Medicine');
insert into teacher (id_teacher, name, experience_years, title) values (6, 'Laina', 2, 'Bachelor of Education');
insert into teacher (id_teacher, name, experience_years, title) values (7, 'Reiko', 19, 'Bachelor of Pharmacy');
insert into teacher (id_teacher, name, experience_years, title) values (8, 'Nerta', 3, 'Bachelor of Engineering');
insert into teacher (id_teacher, name, experience_years, title) values (9, 'Terence', 17, 'Bachelor of Commerce');
insert into teacher (id_teacher, name, experience_years, title) values (10, 'Liuka', 17, 'Bachelor of Fine Arts');
insert into teacher (id_teacher, name, experience_years, title) values (11, 'Patrizius', 1, 'Bachelor of Arts');
insert into teacher (id_teacher, name, experience_years, title) values (12, 'Mabel', 6, 'Bachelor of Physical Education');
insert into teacher (id_teacher, name, experience_years, title) values (13, 'Janina', 19, 'Bachelor of Social Work');
insert into teacher (id_teacher, name, experience_years, title) values (14, 'Lynsey', 2, 'Bachelor of Architecture');
insert into teacher (id_teacher, name, experience_years, title) values (15, 'Timmie', 16, 'Bachelor of Fine Arts');
insert into teacher (id_teacher, name, experience_years, title) values (16, 'Almeria', 14, 'Bachelor of Engineering');
insert into teacher (id_teacher, name, experience_years, title) values (17, 'Elvera', 1, 'Bachelor of Education');
insert into teacher (id_teacher, name, experience_years, title) values (18, 'Emerson', 15, 'Bachelor of Pharmacy');
insert into teacher (id_teacher, name, experience_years, title) values (19, 'Carmon', 20, 'Bachelor of Medicine');
insert into teacher (id_teacher, name, experience_years, title) values (20, 'Gustave', 5, 'Bachelor of Business Administration');
insert into teacher (id_teacher, name, experience_years, title) values (21, 'Jo', 13, 'Bachelor of Computer Science');
insert into teacher (id_teacher, name, experience_years, title) values (22, 'Nikkie', 16, 'Bachelor of Nursing');
insert into teacher (id_teacher, name, experience_years, title) values (23, 'Keen', 20, 'Bachelor of Commerce');
insert into teacher (id_teacher, name, experience_years, title) values (24, 'Avis', 20, 'Bachelor of Business Administration');
insert into teacher (id_teacher, name, experience_years, title) values (25, 'Saraann', 8, 'Bachelor of Laws');
insert into teacher (id_teacher, name, experience_years, title) values (26, 'Nobie', 13, 'Bachelor of Science');
insert into teacher (id_teacher, name, experience_years, title) values (27, 'Gerta', 8, 'Bachelor of Music');
insert into teacher (id_teacher, name, experience_years, title) values (28, 'Muire', 8, 'Bachelor of Architecture');
insert into teacher (id_teacher, name, experience_years, title) values (29, 'Giraud', 16, 'Bachelor of Engineering');
insert into teacher (id_teacher, name, experience_years, title) values (30, 'Deloris', 8, 'Bachelor of Architecture');
insert into teacher (id_teacher, name, experience_years, title) values (31, 'Jessamine', 8, 'Bachelor of Architecture');
insert into teacher (id_teacher, name, experience_years, title) values (32, 'Jodie', 19, 'Bachelor of Physical Education');
insert into teacher (id_teacher, name, experience_years, title) values (33, 'Fiorenze', 6, 'Bachelor of Physical Education');
insert into teacher (id_teacher, name, experience_years, title) values (34, 'Jonie', 0, 'Bachelor of Physical Education');
insert into teacher (id_teacher, name, experience_years, title) values (35, 'Peter', 6, 'Bachelor of Education');
insert into teacher (id_teacher, name, experience_years, title) values (36, 'Vladamir', 15, 'Bachelor of Commerce');
insert into teacher (id_teacher, name, experience_years, title) values (37, 'Nessa', 15, 'Bachelor of Education');
insert into teacher (id_teacher, name, experience_years, title) values (38, 'Katlin', 11, 'Bachelor of Business Administration');
insert into teacher (id_teacher, name, experience_years, title) values (39, 'Daisi', 20, 'Bachelor of Nursing');
insert into teacher (id_teacher, name, experience_years, title) values (40, 'Gerry', 1, 'Bachelor of Architecture');
insert into teacher (id_teacher, name, experience_years, title) values (41, 'Marj', 13, 'Bachelor of Music');
insert into teacher (id_teacher, name, experience_years, title) values (42, 'Maxie', 7, 'Bachelor of Fine Arts');
insert into teacher (id_teacher, name, experience_years, title) values (43, 'Bellanca', 1, 'Bachelor of Fine Arts');
insert into teacher (id_teacher, name, experience_years, title) values (44, 'William', 14, 'Bachelor of Nursing');
insert into teacher (id_teacher, name, experience_years, title) values (45, 'Ellene', 9, 'Bachelor of Pharmacy');
insert into teacher (id_teacher, name, experience_years, title) values (46, 'Elvera', 9, 'Bachelor of Laws');
insert into teacher (id_teacher, name, experience_years, title) values (47, 'Verne', 9, 'Bachelor of Science');
insert into teacher (id_teacher, name, experience_years, title) values (48, 'Abigail', 4, 'Bachelor of Commerce');
insert into teacher (id_teacher, name, experience_years, title) values (49, 'Cristine', 7, 'Bachelor of Physical Education');
insert into teacher (id_teacher, name, experience_years, title) values (50, 'Fredi', 18, 'Bachelor of Nursing');

insert into course (id_course, credits, name, spaces, id_prerequisite) values (1, 1, 'Math', 30, null);
insert into course (id_course, credits, name, spaces, id_prerequisite) values (2, 2, 'Science', 20, null);
insert into course (id_course, credits, name, spaces, id_prerequisite) values (3, 4, 'Music', 25, 2);
insert into course (id_course, credits, name, spaces, id_prerequisite) values (4, 5, 'Art', 27, 2);
insert into course (id_course, credits, name, spaces, id_prerequisite) values (5, 4, 'Science', 27, null);
insert into course (id_course, credits, name, spaces, id_prerequisite) values (6, 1, 'Music', 20, 5);
insert into course (id_course, credits, name, spaces, id_prerequisite) values (7, 0, 'English', 23, null);
insert into course (id_course, credits, name, spaces, id_prerequisite) values (8, 3, 'English', 28, 3);
insert into course (id_course, credits, name, spaces, id_prerequisite) values (9, 2, 'Physical Education', 27, 7);
insert into course (id_course, credits, name, spaces, id_prerequisite) values (10, 0, 'History', 28, 3);
insert into course (id_course, credits, name, spaces, id_prerequisite) values (11, 3, 'Music', 30, 8);
insert into course (id_course, credits, name, spaces, id_prerequisite) values (12, 2, 'English', 27, 11);
insert into course (id_course, credits, name, spaces, id_prerequisite) values (13, 0, 'Music', 22, 6);
insert into course (id_course, credits, name, spaces, id_prerequisite) values (14, 0, 'Art', 28, 9);
insert into course (id_course, credits, name, spaces, id_prerequisite) values (15, 1, 'Math', 21, null);
insert into course (id_course, credits, name, spaces, id_prerequisite) values (16, 5, 'Physical Education', 26, null);
insert into course (id_course, credits, name, spaces, id_prerequisite) values (17, 5, 'History', 29, null);
insert into course (id_course, credits, name, spaces, id_prerequisite) values (18, 0, 'Physical Education', 21, 16);
insert into course (id_course, credits, name, spaces, id_prerequisite) values (19, 5, 'Physical Education', 22, 13);
insert into course (id_course, credits, name, spaces, id_prerequisite) values (20, 1, 'Physical Education', 21, 9);
insert into course (id_course, credits, name, spaces, id_prerequisite) values (21, 2, 'Physical Education', 26, 5);
insert into course (id_course, credits, name, spaces, id_prerequisite) values (22, 4, 'Science', 21, null);
insert into course (id_course, credits, name, spaces, id_prerequisite) values (23, 1, 'Math', 28, 22);
insert into course (id_course, credits, name, spaces, id_prerequisite) values (24, 0, 'History', 28, 15);
insert into course (id_course, credits, name, spaces, id_prerequisite) values (25, 1, 'Science', 25, null);
insert into course (id_course, credits, name, spaces, id_prerequisite) values (26, 0, 'Science', 21, null);
insert into course (id_course, credits, name, spaces, id_prerequisite) values (27, 2, 'Physical Education', 28, null);
insert into course (id_course, credits, name, spaces, id_prerequisite) values (28, 0, 'Art', 22, 24);
insert into course (id_course, credits, name, spaces, id_prerequisite) values (29, 5, 'English', 27, 4);
insert into course (id_course, credits, name, spaces, id_prerequisite) values (30, 1, 'Art', 26, null);
insert into course (id_course, credits, name, spaces, id_prerequisite) values (31, 0, 'Physical Education', 25, null);
insert into course (id_course, credits, name, spaces, id_prerequisite) values (32, 4, 'Math', 20, null);
insert into course (id_course, credits, name, spaces, id_prerequisite) values (33, 2, 'Music', 23, 24);
insert into course (id_course, credits, name, spaces, id_prerequisite) values (34, 4, 'Physical Education', 30, null);
insert into course (id_course, credits, name, spaces, id_prerequisite) values (35, 5, 'Science', 25, 6);
insert into course (id_course, credits, name, spaces, id_prerequisite) values (36, 5, 'Music', 27, null);
insert into course (id_course, credits, name, spaces, id_prerequisite) values (37, 3, 'Physical Education', 24, 35);
insert into course (id_course, credits, name, spaces, id_prerequisite) values (38, 1, 'History', 22, 10);
insert into course (id_course, credits, name, spaces, id_prerequisite) values (39, 5, 'Math', 28, 30);
insert into course (id_course, credits, name, spaces, id_prerequisite) values (40, 0, 'History', 27, null);
insert into course (id_course, credits, name, spaces, id_prerequisite) values (41, 1, 'Math', 20, 10);
insert into course (id_course, credits, name, spaces, id_prerequisite) values (42, 0, 'English', 26, null);
insert into course (id_course, credits, name, spaces, id_prerequisite) values (43, 5, 'Science', 29, 40);
insert into course (id_course, credits, name, spaces, id_prerequisite) values (44, 1, 'Physical Education', 24, null);
insert into course (id_course, credits, name, spaces, id_prerequisite) values (45, 4, 'Music', 28, 38);
insert into course (id_course, credits, name, spaces, id_prerequisite) values (46, 5, 'Science', 22, 25);
insert into course (id_course, credits, name, spaces, id_prerequisite) values (47, 2, 'Music', 30, null);
insert into course (id_course, credits, name, spaces, id_prerequisite) values (48, 2, 'English', 22, 11);
insert into course (id_course, credits, name, spaces, id_prerequisite) values (49, 3, 'Physical Education', 25, null);
insert into course (id_course, credits, name, spaces, id_prerequisite) values (50, 2, 'English', 26, null);

insert into enrollment (id_enrollment, id_student, id_course, approved) values (1, 1, 34, true);
insert into enrollment (id_enrollment, id_student, id_course, approved) values (2, 2, 36, false);
insert into enrollment (id_enrollment, id_student, id_course, approved) values (3, 3, 5, true);
insert into enrollment (id_enrollment, id_student, id_course, approved) values (4, 4, 7, true);
insert into enrollment (id_enrollment, id_student, id_course, approved) values (5, 5, 2, false);
insert into enrollment (id_enrollment, id_student, id_course, approved) values (6, 6, 36, false);
insert into enrollment (id_enrollment, id_student, id_course, approved) values (7, 7, 44, false);
insert into enrollment (id_enrollment, id_student, id_course, approved) values (8, 8, 47, true);
insert into enrollment (id_enrollment, id_student, id_course, approved) values (9, 9, 42, false);
insert into enrollment (id_enrollment, id_student, id_course, approved) values (10, 10, 25, false);
insert into enrollment (id_enrollment, id_student, id_course, approved) values (11, 11, 50, true);
insert into enrollment (id_enrollment, id_student, id_course, approved) values (12, 12, 26, false);
insert into enrollment (id_enrollment, id_student, id_course, approved) values (13, 13, 17, true);
insert into enrollment (id_enrollment, id_student, id_course, approved) values (14, 14, 27, false);
insert into enrollment (id_enrollment, id_student, id_course, approved) values (15, 15, 47, false);
insert into enrollment (id_enrollment, id_student, id_course, approved) values (16, 16, 1, true);
insert into enrollment (id_enrollment, id_student, id_course, approved) values (17, 17, 44, true);
insert into enrollment (id_enrollment, id_student, id_course, approved) values (18, 18, 36, false);
insert into enrollment (id_enrollment, id_student, id_course, approved) values (19, 19, 34, false);
insert into enrollment (id_enrollment, id_student, id_course, approved) values (20, 20, 5, false);
insert into enrollment (id_enrollment, id_student, id_course, approved) values (21, 21, 40, true);
insert into enrollment (id_enrollment, id_student, id_course, approved) values (22, 22, 7, true);
insert into enrollment (id_enrollment, id_student, id_course, approved) values (23, 23, 1, false);
insert into enrollment (id_enrollment, id_student, id_course, approved) values (24, 24, 16, true);
insert into enrollment (id_enrollment, id_student, id_course, approved) values (25, 25, 47, false);
insert into enrollment (id_enrollment, id_student, id_course, approved) values (26, 26, 16, true);
insert into enrollment (id_enrollment, id_student, id_course, approved) values (27, 27, 5, true);
insert into enrollment (id_enrollment, id_student, id_course, approved) values (28, 28, 36, false);
insert into enrollment (id_enrollment, id_student, id_course, approved) values (29, 29, 30, false);
insert into enrollment (id_enrollment, id_student, id_course, approved) values (30, 30, 34, true);
insert into enrollment (id_enrollment, id_student, id_course, approved) values (31, 31, 15, true);
insert into enrollment (id_enrollment, id_student, id_course, approved) values (32, 32, 16, false);
insert into enrollment (id_enrollment, id_student, id_course, approved) values (33, 33, 25, false);
insert into enrollment (id_enrollment, id_student, id_course, approved) values (34, 34, 47, true);
insert into enrollment (id_enrollment, id_student, id_course, approved) values (35, 35, 7, false);
insert into enrollment (id_enrollment, id_student, id_course, approved) values (36, 36, 2, false);
insert into enrollment (id_enrollment, id_student, id_course, approved) values (37, 37, 32, true);
insert into enrollment (id_enrollment, id_student, id_course, approved) values (38, 38, 5, false);
insert into enrollment (id_enrollment, id_student, id_course, approved) values (39, 39, 7, false);
insert into enrollment (id_enrollment, id_student, id_course, approved) values (40, 40, 30, false);
insert into enrollment (id_enrollment, id_student, id_course, approved) values (41, 41, 7, false);
insert into enrollment (id_enrollment, id_student, id_course, approved) values (42, 42, 42, false);
insert into enrollment (id_enrollment, id_student, id_course, approved) values (43, 43, 47, true);
insert into enrollment (id_enrollment, id_student, id_course, approved) values (44, 44, 31, true);
insert into enrollment (id_enrollment, id_student, id_course, approved) values (45, 45, 15, false);
insert into enrollment (id_enrollment, id_student, id_course, approved) values (46, 46, 22, false);
insert into enrollment (id_enrollment, id_student, id_course, approved) values (47, 47, 5, false);
insert into enrollment (id_enrollment, id_student, id_course, approved) values (48, 48, 22, true);
insert into enrollment (id_enrollment, id_student, id_course, approved) values (49, 49, 34, true);
insert into enrollment (id_enrollment, id_student, id_course, approved) values (50, 50, 2, false);
insert into enrollment (id_enrollment, id_student, id_course, approved) values (51, 1, 27, false);
insert into enrollment (id_enrollment, id_student, id_course, approved) values (52, 2, 40, false);
insert into enrollment (id_enrollment, id_student, id_course, approved) values (53, 3, 7, false);
insert into enrollment (id_enrollment, id_student, id_course, approved) values (54, 4, 34, true);
insert into enrollment (id_enrollment, id_student, id_course, approved) values (55, 5, 50, false);
insert into enrollment (id_enrollment, id_student, id_course, approved) values (56, 6, 22, false);
insert into enrollment (id_enrollment, id_student, id_course, approved) values (57, 7, 31, true);
insert into enrollment (id_enrollment, id_student, id_course, approved) values (58, 8, 17, false);
insert into enrollment (id_enrollment, id_student, id_course, approved) values (59, 9, 1, false);
insert into enrollment (id_enrollment, id_student, id_course, approved) values (60, 10, 44, true);
insert into enrollment (id_enrollment, id_student, id_course, approved) values (61, 11, 47, true);
insert into enrollment (id_enrollment, id_student, id_course, approved) values (62, 12, 25, true);
insert into enrollment (id_enrollment, id_student, id_course, approved) values (63, 13, 5, false);
insert into enrollment (id_enrollment, id_student, id_course, approved) values (64, 14, 30, false);
insert into enrollment (id_enrollment, id_student, id_course, approved) values (65, 15, 17, true);
insert into enrollment (id_enrollment, id_student, id_course, approved) values (66, 16, 5, false);
insert into enrollment (id_enrollment, id_student, id_course, approved) values (67, 17, 31, false);
insert into enrollment (id_enrollment, id_student, id_course, approved) values (68, 18, 31, true);
insert into enrollment (id_enrollment, id_student, id_course, approved) values (69, 19, 49, false);
insert into enrollment (id_enrollment, id_student, id_course, approved) values (70, 20, 1, true);
insert into enrollment (id_enrollment, id_student, id_course, approved) values (71, 21, 2, true);
insert into enrollment (id_enrollment, id_student, id_course, approved) values (72, 22, 27, false);
insert into enrollment (id_enrollment, id_student, id_course, approved) values (73, 23, 44, true);
insert into enrollment (id_enrollment, id_student, id_course, approved) values (74, 24, 30, false);
insert into enrollment (id_enrollment, id_student, id_course, approved) values (75, 25, 31, true);
insert into enrollment (id_enrollment, id_student, id_course, approved) values (76, 26, 50, true);
insert into enrollment (id_enrollment, id_student, id_course, approved) values (77, 27, 50, true);
insert into enrollment (id_enrollment, id_student, id_course, approved) values (78, 28, 42, true);
insert into enrollment (id_enrollment, id_student, id_course, approved) values (79, 29, 50, false);
insert into enrollment (id_enrollment, id_student, id_course, approved) values (80, 30, 22, true);
insert into enrollment (id_enrollment, id_student, id_course, approved) values (81, 31, 44, true);
insert into enrollment (id_enrollment, id_student, id_course, approved) values (82, 32, 30, true);
insert into enrollment (id_enrollment, id_student, id_course, approved) values (83, 33, 47, true);
insert into enrollment (id_enrollment, id_student, id_course, approved) values (84, 34, 1, true);
insert into enrollment (id_enrollment, id_student, id_course, approved) values (85, 35, 17, true);
insert into enrollment (id_enrollment, id_student, id_course, approved) values (86, 36, 42, false);
insert into enrollment (id_enrollment, id_student, id_course, approved) values (87, 37, 7, false);
insert into enrollment (id_enrollment, id_student, id_course, approved) values (88, 38, 49, false);
insert into enrollment (id_enrollment, id_student, id_course, approved) values (89, 39, 16, false);
insert into enrollment (id_enrollment, id_student, id_course, approved) values (90, 40, 32, false);
insert into enrollment (id_enrollment, id_student, id_course, approved) values (91, 41, 27, false);
insert into enrollment (id_enrollment, id_student, id_course, approved) values (92, 42, 15, false);
insert into enrollment (id_enrollment, id_student, id_course, approved) values (93, 43, 44, true);
insert into enrollment (id_enrollment, id_student, id_course, approved) values (94, 44, 44, false);
insert into enrollment (id_enrollment, id_student, id_course, approved) values (95, 45, 17, false);
insert into enrollment (id_enrollment, id_student, id_course, approved) values (96, 46, 7, false);
insert into enrollment (id_enrollment, id_student, id_course, approved) values (97, 47, 30, true);
insert into enrollment (id_enrollment, id_student, id_course, approved) values (98, 48, 5, true);
insert into enrollment (id_enrollment, id_student, id_course, approved) values (99, 49, 40, true);
insert into enrollment (id_enrollment, id_student, id_course, approved) values (100, 50, 31, true);
insert into enrollment (id_enrollment, id_student, id_course, approved) values (101, 1, 7, false);
insert into enrollment (id_enrollment, id_student, id_course, approved) values (102, 2, 32, true);
insert into enrollment (id_enrollment, id_student, id_course, approved) values (103, 3, 34, true);
insert into enrollment (id_enrollment, id_student, id_course, approved) values (104, 4, 50, true);
insert into enrollment (id_enrollment, id_student, id_course, approved) values (105, 5, 32, true);
insert into enrollment (id_enrollment, id_student, id_course, approved) values (106, 6, 25, false);
insert into enrollment (id_enrollment, id_student, id_course, approved) values (107, 7, 7, true);
insert into enrollment (id_enrollment, id_student, id_course, approved) values (108, 8, 34, true);
insert into enrollment (id_enrollment, id_student, id_course, approved) values (109, 9, 7, true);
insert into enrollment (id_enrollment, id_student, id_course, approved) values (110, 10, 27, true);
insert into enrollment (id_enrollment, id_student, id_course, approved) values (111, 11, 34, false);
insert into enrollment (id_enrollment, id_student, id_course, approved) values (112, 12, 32, false);
insert into enrollment (id_enrollment, id_student, id_course, approved) values (113, 13, 2, true);
insert into enrollment (id_enrollment, id_student, id_course, approved) values (114, 14, 5, true);
insert into enrollment (id_enrollment, id_student, id_course, approved) values (115, 15, 25, false);
insert into enrollment (id_enrollment, id_student, id_course, approved) values (116, 16, 26, false);
insert into enrollment (id_enrollment, id_student, id_course, approved) values (117, 17, 15, true);
insert into enrollment (id_enrollment, id_student, id_course, approved) values (118, 18, 30, true);
insert into enrollment (id_enrollment, id_student, id_course, approved) values (119, 19, 22, false);
insert into enrollment (id_enrollment, id_student, id_course, approved) values (120, 20, 49, true);
insert into enrollment (id_enrollment, id_student, id_course, approved) values (121, 21, 22, true);
insert into enrollment (id_enrollment, id_student, id_course, approved) values (122, 22, 25, true);
insert into enrollment (id_enrollment, id_student, id_course, approved) values (123, 23, 30, false);
insert into enrollment (id_enrollment, id_student, id_course, approved) values (124, 24, 40, true);
insert into enrollment (id_enrollment, id_student, id_course, approved) values (125, 25, 27, false);
insert into enrollment (id_enrollment, id_student, id_course, approved) values (126, 26, 36, true);
insert into enrollment (id_enrollment, id_student, id_course, approved) values (127, 27, 27, false);
insert into enrollment (id_enrollment, id_student, id_course, approved) values (128, 28, 30, true);
insert into enrollment (id_enrollment, id_student, id_course, approved) values (129, 29, 31, true);
insert into enrollment (id_enrollment, id_student, id_course, approved) values (130, 30, 31, true);
insert into enrollment (id_enrollment, id_student, id_course, approved) values (131, 31, 26, false);
insert into enrollment (id_enrollment, id_student, id_course, approved) values (132, 32, 7, true);
insert into enrollment (id_enrollment, id_student, id_course, approved) values (133, 33, 1, true);
insert into enrollment (id_enrollment, id_student, id_course, approved) values (134, 34, 27, true);
insert into enrollment (id_enrollment, id_student, id_course, approved) values (135, 35, 40, true);
insert into enrollment (id_enrollment, id_student, id_course, approved) values (136, 36, 27, true);
insert into enrollment (id_enrollment, id_student, id_course, approved) values (137, 37, 15, true);
insert into enrollment (id_enrollment, id_student, id_course, approved) values (138, 38, 36, false);
insert into enrollment (id_enrollment, id_student, id_course, approved) values (139, 39, 17, false);
insert into enrollment (id_enrollment, id_student, id_course, approved) values (140, 40, 27, true);
insert into enrollment (id_enrollment, id_student, id_course, approved) values (141, 41, 17, false);
insert into enrollment (id_enrollment, id_student, id_course, approved) values (142, 42, 16, true);
insert into enrollment (id_enrollment, id_student, id_course, approved) values (143, 43, 32, false);
insert into enrollment (id_enrollment, id_student, id_course, approved) values (144, 44, 25, false);
insert into enrollment (id_enrollment, id_student, id_course, approved) values (145, 45, 49, true);
insert into enrollment (id_enrollment, id_student, id_course, approved) values (146, 46, 30, true);
insert into enrollment (id_enrollment, id_student, id_course, approved) values (147, 47, 42, true);
insert into enrollment (id_enrollment, id_student, id_course, approved) values (148, 48, 27, false);
insert into enrollment (id_enrollment, id_student, id_course, approved) values (149, 49, 47, false);
insert into enrollment (id_enrollment, id_student, id_course, approved) values (150, 50, 1, false);

insert into teach (id_course, id_teacher) values (1, 1);
insert into teach (id_course, id_teacher) values (2, 2);
insert into teach (id_course, id_teacher) values (3, 3);
insert into teach (id_course, id_teacher) values (4, 4);
insert into teach (id_course, id_teacher) values (5, 5);
insert into teach (id_course, id_teacher) values (6, 6);
insert into teach (id_course, id_teacher) values (7, 7);
insert into teach (id_course, id_teacher) values (8, 8);
insert into teach (id_course, id_teacher) values (9, 9);
insert into teach (id_course, id_teacher) values (10, 10);
insert into teach (id_course, id_teacher) values (11, 11);
insert into teach (id_course, id_teacher) values (12, 12);
insert into teach (id_course, id_teacher) values (13, 13);
insert into teach (id_course, id_teacher) values (14, 14);
insert into teach (id_course, id_teacher) values (15, 15);
insert into teach (id_course, id_teacher) values (16, 16);
insert into teach (id_course, id_teacher) values (17, 17);
insert into teach (id_course, id_teacher) values (18, 18);
insert into teach (id_course, id_teacher) values (19, 19);
insert into teach (id_course, id_teacher) values (20, 20);
insert into teach (id_course, id_teacher) values (21, 21);
insert into teach (id_course, id_teacher) values (22, 22);
insert into teach (id_course, id_teacher) values (23, 23);
insert into teach (id_course, id_teacher) values (24, 24);
insert into teach (id_course, id_teacher) values (25, 25);
insert into teach (id_course, id_teacher) values (26, 26);
insert into teach (id_course, id_teacher) values (27, 27);
insert into teach (id_course, id_teacher) values (28, 28);
insert into teach (id_course, id_teacher) values (29, 29);
insert into teach (id_course, id_teacher) values (30, 30);
insert into teach (id_course, id_teacher) values (31, 31);
insert into teach (id_course, id_teacher) values (32, 32);
insert into teach (id_course, id_teacher) values (33, 33);
insert into teach (id_course, id_teacher) values (34, 34);
insert into teach (id_course, id_teacher) values (35, 35);
insert into teach (id_course, id_teacher) values (36, 36);
insert into teach (id_course, id_teacher) values (37, 37);
insert into teach (id_course, id_teacher) values (38, 38);
insert into teach (id_course, id_teacher) values (39, 39);
insert into teach (id_course, id_teacher) values (40, 40);
insert into teach (id_course, id_teacher) values (41, 41);
insert into teach (id_course, id_teacher) values (42, 42);
insert into teach (id_course, id_teacher) values (43, 43);
insert into teach (id_course, id_teacher) values (44, 44);
insert into teach (id_course, id_teacher) values (45, 45);
insert into teach (id_course, id_teacher) values (46, 46);
insert into teach (id_course, id_teacher) values (47, 47);
insert into teach (id_course, id_teacher) values (48, 48);
insert into teach (id_course, id_teacher) values (49, 49);
insert into teach (id_course, id_teacher) values (50, 50);
insert into teach (id_course, id_teacher) values (26, 34);
insert into teach (id_course, id_teacher) values (25, 33);
insert into teach (id_course, id_teacher) values (42, 31);
insert into teach (id_course, id_teacher) values (3, 37);
insert into teach (id_course, id_teacher) values (10, 29);
insert into teach (id_course, id_teacher) values (4, 5);
insert into teach (id_course, id_teacher) values (33, 49);
insert into teach (id_course, id_teacher) values (45, 6);
insert into teach (id_course, id_teacher) values (41, 19);
insert into teach (id_course, id_teacher) values (32, 43);
insert into teach (id_course, id_teacher) values (36, 7);
insert into teach (id_course, id_teacher) values (32, 46);
insert into teach (id_course, id_teacher) values (37, 41);
insert into teach (id_course, id_teacher) values (22, 31);
insert into teach (id_course, id_teacher) values (11, 22);
insert into teach (id_course, id_teacher) values (11, 19);
insert into teach (id_course, id_teacher) values (5, 43);
insert into teach (id_course, id_teacher) values (37, 48);
insert into teach (id_course, id_teacher) values (35, 45);
insert into teach (id_course, id_teacher) values (10, 44);
insert into teach (id_course, id_teacher) values (29, 35);
insert into teach (id_course, id_teacher) values (48, 8);
insert into teach (id_course, id_teacher) values (48, 6);
insert into teach (id_course, id_teacher) values (47, 46);
insert into teach (id_course, id_teacher) values (45, 38);
insert into teach (id_course, id_teacher) values (8, 37);
insert into teach (id_course, id_teacher) values (4, 45);
insert into teach (id_course, id_teacher) values (34, 50);
insert into teach (id_course, id_teacher) values (46, 2);
insert into teach (id_course, id_teacher) values (45, 49);
insert into teach (id_course, id_teacher) values (25, 31);
insert into teach (id_course, id_teacher) values (29, 19);
insert into teach (id_course, id_teacher) values (43, 33);
insert into teach (id_course, id_teacher) values (38, 1);
insert into teach (id_course, id_teacher) values (49, 35);
insert into teach (id_course, id_teacher) values (28, 38);
insert into teach (id_course, id_teacher) values (38, 21);
insert into teach (id_course, id_teacher) values (12, 7);
insert into teach (id_course, id_teacher) values (10, 48);
insert into teach (id_course, id_teacher) values (3, 17);
insert into teach (id_course, id_teacher) values (11, 34);
insert into teach (id_course, id_teacher) values (22, 18);
insert into teach (id_course, id_teacher) values (22, 50);
insert into teach (id_course, id_teacher) values (6, 47);
insert into teach (id_course, id_teacher) values (2, 29);
insert into teach (id_course, id_teacher) values (45, 10);
insert into teach (id_course, id_teacher) values (25, 30);
insert into teach (id_course, id_teacher) values (20, 36);
insert into teach (id_course, id_teacher) values (41, 8);
insert into teach (id_course, id_teacher) values (18, 34);
insert into teach (id_course, id_teacher) values (47, 36);
insert into teach (id_course, id_teacher) values (31, 29);
insert into teach (id_course, id_teacher) values (18, 25);
insert into teach (id_course, id_teacher) values (46, 12);
insert into teach (id_course, id_teacher) values (48, 30);
insert into teach (id_course, id_teacher) values (23, 40);
insert into teach (id_course, id_teacher) values (12, 48);
insert into teach (id_course, id_teacher) values (30, 20);
insert into teach (id_course, id_teacher) values (1, 2);
insert into teach (id_course, id_teacher) values (33, 16);
insert into teach (id_course, id_teacher) values (38, 29);
insert into teach (id_course, id_teacher) values (12, 49);
insert into teach (id_course, id_teacher) values (22, 30);
insert into teach (id_course, id_teacher) values (2, 23);
insert into teach (id_course, id_teacher) values (2, 19);
insert into teach (id_course, id_teacher) values (30, 28);
insert into teach (id_course, id_teacher) values (33, 5);
insert into teach (id_course, id_teacher) values (21, 39);
insert into teach (id_course, id_teacher) values (30, 4);
insert into teach (id_course, id_teacher) values (28, 30);

UPDATE id_generator SET gen_value = 51 WHERE gen_name IN ('id_course','id_student','id_teacher');
UPDATE id_generator SET gen_value = 151 WHERE gen_name NOT IN ('id_course','id_student','id_teacher');